publishedAt,title,author,url,urlToImage,description
2018-02-02T04:25:02Z,Trump being Trump,https://facebook.com/9gag,https://9gag.com/gag/a47LPrA/trump-being-trump,https://images-cdn.9gag.com/photo/a47LPrA_700b.jpg,"Tags: Sara Del Rey, Aksana 1974 points, 108 comments."
2018-03-27T00:53:25Z,Trump vs Trump vs Trump,newton,https://www.liveleak.com/view?t=zsGg_1522112005,https://i.ytimg.com/vi/14BYJfKRPLQ/default.jpg,The President Fights with Himself {{embed|t=TKT1_1522111910}}
2017-11-08T05:58:50Z,Real Trump/Fake Trump/Same Trump,Steven Heller,http://www.printmag.com/daily-heller/real-trump-fake-trump-you-cant-spell-america-without-me/,http://wwwcdn.printmag.com/wp-content/uploads/2017-080B_Alec_Baldwin_Book_A_NK_0154_R3_CMYK.jpg,"Steven Heller talks with Bonnie Siegler, who designed and art directed Alec Baldwin and Kurt Andersen's new book ""You Can't Spell America Without Me."" The post Real Trump/Fake Trump/Same Trump appeared first on Print Magazine."
2018-01-27T04:30:00Z,"Trump, Trump, Trump",Rainer Stadler,https://www.nzz.ch/feuilleton/medien/trump-trump-trump-ld.1351639,"https://img.nzz.ch/C=W3133,H1762,X0,Y163/S=W1200/O=75/http://nzz-img.s3.amazonaws.com/2018/1/26/59cae068-79f9-4a08-a1fd-f43bcc3970e4.jpeg",Was für ein Kontrast zu den bisherigen negativen Schlagzeilen über den amerikanischen Präsidenten. Hofberichterstattung prägte seinen Besuch in Davos.
2018-01-25T18:50:06Z,"""Trump, Trump, Trump, Trump..."" - Wiener Zeitung",Thomas Seifert aus Davos,http://www.wienerzeitung.at/nachrichten/welt/weltpolitik/943387_Trump-Trump-Trump-Trump-.-.-..html,http://www.wienerzeitung.at/_em_daten/245167/_/1xPborn2rP1997FQf1Ft4OU40iFUUhFf5oRcL_rhEFyd0c5pa2WWWqIBdIdg51EUY_3Kzxq1KZ0caR1_AoCvN1rQgZ3j27u_uDZtqzaU9OV4xOtsZVUfESR7Zn2H4pCLi3/180125-1950-948-0900-123677-260103trump.jpg,"Wiener Zeitung ""Trump, Trump, Trump, Trump..."" Wiener Zeitung Davos. ""Trump. Trump. Trump. Trump. Trump..."" Über eine ganze Kolumnenspalte zieht sich das in der ""Basler Zeitung"" hin. Und damit hat es die ""Basler"" ganz gut getroffen. Denn tatsächlich scheint d…"
2017-11-15T17:49:05Z,Trump hilft Trump,Von Claus Hulverscheidt,http://www.sueddeutsche.de/wirtschaft/us-steuerreform-trump-hilft-trump-1.3750403,http://polpix.sueddeutsche.com/staticassets/img/article/facebook-default.140428.jpg,"Das große Bohei um die Steuerpläne verdeckt nicht, dass sie Reichen nutzen und Arbeitnehmern schaden.  Trump richtet seine Politik nicht zuletzt danach aus, ob sie dem Unternehmer und Privatmann Trump finanziell nutzt."
2017-11-11T14:42:06Z,Trump widerspricht Trump,Von Stefan Kornelius,http://www.sueddeutsche.de/politik/usa-und-asien-trump-widerspricht-trump-1.3744081,http://media-cdn.sueddeutsche.de/image/sz.1.3743980/940x528/donald-trump-xi-jinping-usa-china-freihandel-apec.jpg?v=1510410983,"In Peking gibt er den Zahmen, in Vietnam stößt er viele Verbündete vor den Kopf. Amerikas Präsident stiftet auf seiner Asien-Reise viel Verwirrung."
2017-11-12T13:52:49Z,Donald Trump on Twitter trump president trump donald trump breaking news trump twitter,Ellen L,https://www.liveleak.com/view?i=cbf_1510494687,https://cdn.liveleak.com/80281E/s/s/20/media20/2017/Nov/12/9c77c0a1925a_embed_thumbnail_1510494760.jpg?kyJX7vQuk8CEmd6uYMYKwTZi4p7RxOgPu3dLvWcOI9I8CQjzbFFIcriehpJ_uiX5&ec_rate=499,"Donald J. Trump isn't following Colin Kaepernick and Stephen Curry for being ""dark"". He's following them for slighting America. Tail me on Twitter"
2018-02-08T20:40:00Z,Trump Bump... Or Trump Dump?,Tyler Durden,https://www.zerohedge.com/news/2018-02-08/trump-bump-or-trump-dump,https://www.zerohedge.com/sites/default/files/2018-02/gmc15560420180206120800.jpg,"Responsible? Or, irresponsible? Source: Townhall.com"
2018-04-23T02:52:45Z,'I Was Trump Before Trump Was Trump',"Jeremy Peters, New York Times",https://www.realclearpolitics.com/2018/04/22/039i_was_trump_before_trump_was_trump039_440522.html,,"Jeremy Peters, New York Times Republican candidates all over are parroting the president, spouting his catchphrases and donning his hats as they try to show loyalty."
2018-04-06T09:48:14Z,When Trump lets Trump be Trump,ABC News,http://abcnews.go.com/Politics/note-trump-lets-trump-trump/story?id=54267733,https://s.abcnews.com/images/Politics/donald-trump-5-ap-jt-180405_hpMain_16x9_992.jpg,"The TAKE with Rick Klein Staff letting Trump be Trump is one thing. But what happens when Trump really lets Trump be Trump? That’s the stuff of tirades about rapes of migrant women and asylum-seeker caravans, of military deployments to the border and out of S…"
2018-02-27T05:18:12Z,Trump,Clone,https://www.mmo-champion.com/threads/2380417-Trump?p=48967795#post48967795,,"https://www.msn.com/en-us/news/politics/trump-said-he-would-charge-a-gunman-here’s-what-he’s-actually-done-in-the-face-of-danger/ar-BBJDAsu?ocid=spartanntp 
 
Getting called out by The Washington Post. 
 
Edit: I screwed up the title, can a mod change it to ""…"
2018-02-18T12:00:00Z,Trump,RTÉ:Ireland,http://www.rte.ie/cspodcasts/media.mp3?c1=2&c2=16951747&ns_site=test&ns_type=clickin&rte_vs_ct=aud&rte_vs_sc=pod&rte_mt_sec=radio&rte_vs_sn=radio1&rte_mt_pub_dt=2018-02-18&rte_mt_prg_name=test-marianfinucane&title=Trump&c7=http%3A%2F%2Fpodcast.rasset.ie%2Fpodcasts%2Faudio%2F2018%2F0218%2F20180218_rteradio1-marianfinucane-trump_c21319858_21319862_232_.mp3&r=http%3A%2F%2Fpodcast.rasset.ie%2Fpodcasts%2Faudio%2F2018%2F0218%2F20180218_rteradio1-marianfinucane-trump_c21319858_21319862_232_.mp3,,New York based journalist and film maker Patrick Farrelly joins Marian on the line.
2018-02-27T17:37:07Z,Trump?!,#B4DBUG5,https://www.flickr.com/photos/147757074@N05/39810349104,https://c1.staticflickr.com/5/4752/39810349104_54eae3723e.jpg,"February 28, 2018 at 04:35AM  ift.tt/2GOljOJ"
2018-02-08T17:08:52Z,"""Trump.""",P.M. Carpenter,http://www.pmcarpenter.com/2018/02/trump.html,http://pmcarpenter.blogs.com/.a/6a00d83451bc2169e201b8d2d878eb970c-600wi,"Two nights ago I received a call from the Democratic National Committee, which wanted to know what ""message"" Democratic candidates should hustle this year to regain control of Congress. I found this a trifle unsettling. If party professionals don't know..."
2018-02-28T21:22:06Z,Trump,bluepillsheep,https://www.flickr.com/photos/139044912@N03/39647604415,https://c1.staticflickr.com/5/4712/39647604415_775990588a_b.jpg,Trump's Border Wall Test Makes Liberal Minds Melt bluepillsheep.com/trumps-big-beautiful-border-wall-virtua...
2017-10-12T11:42:08Z,Just Trump being Trump,P.M. Carpenter,http://www.pmcarpenter.com/2017/10/just-trump-being-trump.html,http://pmcarpenter.blogs.com/.a/6a00d83451bc2169e201b7c9295774970b-600wi,"""It all could be Trump being Trump,"" says Nixon biographer John Farrell. ""Or,"" he adds, ""it could be there’s a problem in the White House."" I fail to see the distinction. Any time Trump is being Trump, there's a problem..."
2017-10-16T21:21:00Z,Let Trump Be Trump,Taegan Goddard,https://politicalwire.com/2017/10/16/let-trump-trump/,http://politicalwire.wpengine.com/wp-content/uploads/2016/04/Political_Wire_podcast_logo.png,Coming soon: Let Trump Be Trump: The Inside Story of His Rise to the Presidency by Corey Lewandowski and Dave Bossie. Save to Favorites Twitter Facebook LinkedIn
2017-10-12T11:42:08Z,Just Trump being Trump,P.M. Carpenter,http://www.pmcarpenter.com/2017/10/just-trump-being-trump.html?utm_source=feedburner&utm_medium=feed&utm_campaign=Feed%3A+pmcarpenterscommentary+%28p+m+carpenter%27s+commentary%29,http://pmcarpenter.blogs.com/.a/6a00d83451bc2169e201b7c9295774970b-600wi,"""It all could be Trump being Trump,"" says Nixon biographer John Farrell. ""Or,"" he adds, ""it could be there’s a problem in the White House."" I fail to see the distinction. Any time Trump is being Trump, there's a problem..."
2018-05-05T10:41:56Z,Trump widerspricht Trump,"Von Thorsten Denkler, New York",http://www.sueddeutsche.de/panorama/fall-stormy-daniels-trump-widerspricht-trump-1.3968752,http://media-cdn.sueddeutsche.de/image/sz.1.3968784/940x528?v=1525517121,"Was sein neuer Anwalt gesagt hat, sei nicht richtig, erklärt der US-Präsident - dabei hatte er die Aussagen zuvor via Twitter bestätigt. Ein Überblick über den immer widersprüchlicheren Fall Stormy Daniels."
2018-05-09T14:59:13Z,Khan Can't Trump Trump,Sputnik,https://sputniknews.com/columnists/201805091064296242-sadiq-khan-london-trump/,https://cdn4.img.sputniknews.com/images/104976/37/1049763705.jpg,I love virtue signalling Sadiq Khan. He is just the gift that keeps on giving.
2018-04-28T06:40:17Z,Trump interessiert nur Trump,"Analyse von Thorsten Denkler, New York",http://www.sueddeutsche.de/politik/merkel-und-macron-in-washington-trump-interessiert-nur-trump-1.3960994,http://media-cdn.sueddeutsche.de/image/sz.1.3960995/940x528?v=1524877960,"Die europäische Woche in Washington ist vorbei, die Ergebnisse bescheiden. Weder Merkel noch Macron haben einen Weg gefunden, Trump zu knacken."
2018-04-19T09:54:57Z,Trump Trip Trump,newton,https://www.liveleak.com/view?t=aWv7r_1524131697,https://cdn.liveleak.com/80281E/ll_a_u/2018/Apr/19/LiveLeak-dot-com-5ad868f7054e4_thumb.jpg,"Donnie is tripping, retreating into his own mind... you won't believe what he finds! Won't you join him on his journey? (coulden't resist using a clickbait descriptor) {{embed|t=azTct_1524131678}}"
2017-11-28T10:59:42Z,Jimmy Fallon And Martin Short Give Classic Christmas Song A Scary Trump Twist,Lee Moran,https://www.huffingtonpost.com/entry/jimmy-fallon-martin-short-little-trumper-boys_us_5a1d419ee4b04e8b2a842eb0,http://o.aolcdn.com/images/dims?thumbnail=1200%2C630&image_uri=http%3A%2F%2Fimg.huffingtonpost.com%2Fasset%2F1200_630%2F5a1d44b0150000016485a2c7.png%3Fcache%3DacEIECl7St&client=cbc79c14efcebee57402&signature=1f4e372937f7add5d0dcecb6f034f71a5599a775,"""He wants to build a wall, Trump, Trump, Trump, Trump, Trump."""
2017-12-15T05:00:00Z,Can Only Trump Survive Trump?,Rachel Ogden,http://www.nationalreview.com/article/454672/donald-trump-republicans-where-will-gop-be-after-trump,http://c4.nrostatic.com/sites/default/files/uploaded/trump-donald-219_0.jpg,T he past two months of electoral losses for the Trump GOP feel very familiar. Newly elected president Barack Obama’s party lost off-year gubernatorial elections in Virginia and New Jersey and suffered a stunning upset in a Senate race it had no business losi…
2017-12-14T16:22:29Z,‘Can Only Trump Survive Trump?’,Rich Lowry,http://www.nationalreview.com/corner/454651/can-only-trump-survive-trump,,"In my Politico column today, I wrote about Alabama: Ed Gillespie ran away from Trump and lost in Virginia. Roy Moore ran toward Trump (with a lot of excess baggage) and lost in Alabama. One was a wonky establishment Republican careful to sand away any hard ed…"
2018-03-13T16:42:21Z,Trump criticizes Trump,Wahrheitsministerium,https://www.liveleak.com/view?t=91a7s_1520959341,https://cdn.liveleak.com/80281E/ll_a_u/2018/Mar/13/LiveLeak-dot-com-5aa7ff24c53c2_thumb.jpg,"{{file|t=Cfr1o_1520959268}} ""The media has been speculating that I fired Rex Tillerson or that he would be leaving soon - FAKE NEWS! He's not leaving and while we disagree on certain subjects, (I call the final shots) we work well together and America is high…"
2018-03-15T01:10:00Z,'Trump Country' rejects Trump,MPX,https://www.msnbc.com/all-in/watch/-trump-country-rejects-trump-1186243651791,https://media1.s-nbcnews.com/j/MSNBC/Components/Video/201803/n_hayes_atrumpcountryrejects_180314_1920x1080.1200;630;7;70;5.jpg,President Trump promised the GOP would win the Pennsylvania special election because he is so beloved in a district he won by 20 points. That's not how things went.
2018-03-25T04:49:32Z,Letting Trump Be Trump,,https://pjmedia.com/michaelwalsh/letting-trump-trump/,https://static.pjmedia.com/michaelwalsh/user-content/43/files/2018/03/AP_17353367771405.sized-770x415xc.jpg,"If this is ""chaos,"" let us have more of it."
2017-12-16T13:20:10Z,Can Only Trump Survive Trump?,"Rich Lowry, National Review",https://www.realclearpolitics.com/2017/12/16/can_only_trump_survive_trump_429272.html,,"Rich Lowry, National Review Newly elected president Barack Obama’s party lost off-year gubernatorial elections in Virginia and New Jersey and suffered a stunning upset in a Senate race it had no business losing, in Massachusetts. Trump’s party lost off-year g…"
2017-12-15T06:37:10Z,Can Only Trump Survive Trump?,National Review,https://www.freerepublic.com/focus/f-chat/3613794/posts,,The past two months of electoral losses for the Trump GOP feel very familiar. Newly elected president Barack Obamas party lost off-year gubernatorial elections in Virginia and New Jersey and suffered a stunning upset in a Senate race it had no business losin…
2017-12-14T00:53:31Z,Can Only Trump Survive Trump?,(Rich Lowry),https://www.politico.com/magazine/story/2017/12/13/can-only-trump-survive-trump-216102,https://static.politico.com/5e/cb/ab18600d48609d9e4cbb92d1cf52/15-donald-trump-16-gty-1160.jpg,The past two months of electoral losses for the Trump GOP feel very familiar.
2017-12-15T06:37:10Z,Can Only Trump Survive Trump?,National Review,https://www.freerepublic.com/focus/f-news/3613794/posts,,The past two months of electoral losses for the Trump GOP feel very familiar. Newly elected president Barack Obamas party lost off-year gubernatorial elections in Virginia and New Jersey and suffered a stunning upset in a Senate race it had no business losin…
2017-11-22T15:22:15Z,Trump just rage-tweeted about a prominent African American again,(Greg Sargent),https://www.washingtonpost.com/blogs/plum-line/wp/2017/11/22/trump-just-rage-tweeted-about-a-prominent-african-american-again/,https://www.washingtonpost.com/rf/image_1484w/2010-2019/Wires/Online/2017-11-22/AP/Images/Trump_UCLA_Players_Basketball_76911.jpg-d1403.jpg?t=20170517,"Lavar ball, trump, donald trump, impeach donald trump, republican party, trump race baiting, trump attacks kneeling football players, gop"
2017-12-06T22:16:18Z,Trump,Zana Mrsa,https://dribbble.com/shots/4001830-Trump,https://cdn.dribbble.com/users/1439680/screenshots/4001830/trump.png,just some playing with faces
2017-12-20T20:51:52Z,Trump,,https://hrespinosa88.deviantart.com/art/Trump-721069728,https://pre00.deviantart.net/0acc/th/pre/i/2017/354/1/b/trump_by_hrespinosa88-dbxb0yo.jpg,
2017-12-22T16:06:53Z,Trump,,https://samuelmb.deviantart.com/art/Trump-721363113,https://pre00.deviantart.net/526b/th/pre/f/2017/356/0/7/trump_by_samuelmb-dbxhbc9.png,I made this
2017-11-09T22:30:00Z,"Trump, Trump, Trump. How about tackling Illinois' problems?",Kristen McQueary,http://www.chicagotribune.com/news/opinion/commentary/ct-perspec-attorney-general-race-madigan-20171109-story.html,http://www.trbimg.com/img-5a04d7a5/turbine/ct-perspec-attorney-general-race-madigan-20171109,"The joke lately isn’t about who is running for Illinois attorney general in 2018. It’s who isn’t. On the Democratic side, at least eight serious contenders say they’re running. It’s a powerhouse posse of former federal prosecutors, lawmakers, political player…"
2017-11-13T15:57:00Z,Trump,Anne Branigin,http://www.theroot.com/trump-3-duterte-2-dickheads-have-the-weekend-of-their-1820389974,"https://i.kinja-img.com/gawker-media/image/upload/s--JeiBmTAm--/c_fill,fl_progressive,g_center,h_900,q_80,w_1600/th6z1viitn4g0idmw48p.jpg","Two of the biggest assholes in the world, Donald Trump and president of the Philippines, Rodrigo Duterte, have expressed mutual admiration for some time. This past weekend, the pair finally got to have the bonding session of their dreams: serenading each othe…"
2017-12-25T22:09:26Z,TRUMP,,https://traac.deviantart.com/art/TRUMP-721929997,https://img00.deviantart.net/2fdf/i/2017/359/9/9/trump_by_traac-dbxtgr1.jpg,
2017-12-09T02:02:22Z,The Latest: Crowd at rally chants 'Trump! Trump! Trump!',AP,https://economictimes.indiatimes.com/news/international/world-news/the-latest-crowd-at-rally-chants-trump-trump-trump/articleshow/61992577.cms,https://img.etimg.com/photo/49057298.cms,8:50 p.m.
2017-12-30T02:21:28Z,"Trump, Trump, Trump  the new racist chant against Latinos",San Jose Mercury,https://www.freerepublic.com/focus/f-news/3617986/posts,,"There is a new form of hate speech that white people use to poke at Latinos. It goes like this: Trump! Trump! Trump! As President Trump concludes his first year in office, his street cred as a bully, demagogue and racist is well established. And Latinos …"
2018-01-16T23:53:10Z,"On DACA, Trump is Trump is Trump",Editorials,http://www.nydailynews.com/opinion/daca-trump-trump-trump-article-1.3760776,http://assets.nydailynews.com/polopoly_fs/1.3760775.1516146682!/img/httpImage/image.jpg_gen/derivatives/landscape_1200/gop-2016-trump-conflicts.jpg,"If you ever find yourself nodding along as President Trump speaks, just wait a little; he’ll disappoint you soon enough."
2018-01-19T05:33:38Z,Can the Trump Economy Trump Trump?,Joel Kotkin,http://www.newgeography.com/content/005856-can-trump-economy-trump-trump?utm_source=feedburner&utm_medium=feed&utm_campaign=Feed%3A+Newgeography+%28Newgeography.com+-+Economic%2C+demographic%2C+and+political+commentary+about+places%29,,"President Trump’s critics find it hard to give him credit for anything, especially given his extraordinary boastfulness. Yet Trump’s economic policies seem to be working. New job numbers are robust, GDP and wages continue to rise, stocks are soaring, unemploy…"
2018-01-24T09:00:00Z,Can the Trump Economy Trump Trump?,Nick Tell,http://www.nationalreview.com/article/455707/donald-trump-economic-boom-will-republicans-benefit-politically,http://c1.nrostatic.com/sites/default/files/uploaded/trump1200.jpg,"President Trump in the Oval Office after signing directives to impose tariffs, January 23, 2018. (Jonathan Ernst/Reuters) Editor’s Note : The following piece originally appeared in City Journal. It is reprinted here with permission. P resident Trump’s critics…"
2017-12-09T15:34:35Z,Trump,,https://lefterismavrogiannis.deviantart.com/art/Trump-719213527,https://orig00.deviantart.net/6478/f/2017/343/b/b/trump_by_lefterismavrogiannis-dbw78pj.png,
2017-11-11T22:23:44Z,TRUMP,,https://rb26082006.deviantart.com/art/TRUMP-714599513,https://img00.deviantart.net/3faa/i/2017/315/6/0/trump_by_rb26082006-dbtgcih.jpg,
2017-11-16T14:51:53Z,Trump,,https://jeremyr10.deviantart.com/art/Trump-715367648,https://img00.deviantart.net/50fc/i/2017/320/6/1/trump_by_jeremyr10-dbtwt7k.png,
2017-11-17T18:08:54Z,Trump,Rudolf Vychovaly,https://dribbble.com/shots/3956720-Trump,https://cdn.dribbble.com/users/300405/screenshots/3956720/trump-poster.gif,Trump
2017-11-04T18:23:21Z,Trump,,https://ashen-cold.deviantart.com/art/Trump-713369555,https://pre00.deviantart.net/2128/th/pre/f/2017/308/3/e/trump_by_ashen_cold-dbspzgz.png,This image doesn't have any political context and made by entertainment purposes only.
2018-01-18T12:02:17Z,Can the Trump Economy Trump Trump?,"Joel Kotkin, City Journal",https://www.realclearpolitics.com/2018/01/18/can_the_trump_economy_trump_trump_431798.html,,"Joel Kotkin, City Journal The president's economic policies are showing marked success, but he may not benefit politically unless he learns how to get out of his own way."
2018-01-24T09:00:00Z,Can the Trump Economy Trump Trump?,Joel Kotkin,http://www.nationalreview.com/article/455707/donald-trump-economic-growth-will-republicans-benefit-politically,http://c1.nrostatic.com/sites/default/files/uploaded/trump1200.jpg,"Editor’s Note: The following piece originally appeared in City Journal. It is reprinted here with permission.


	President Trump’s critics find it hard to give him credit for anything, especially given his extraordinary boastfulness. Yet Trump’s economic poli…"
2017-10-02T12:40:42Z,Trump undermines the Trump administration...,Steve Benen,http://www.msnbc.com/rachel-maddow-show/trump-undermines-the-trump-administration-north-korea,http://www.msnbc.com/sites/msnbc/files/styles/ratio--1_91-1--1200x630/public/664142230.jpg?itok=PbxLD1Xx,Secretary of State Rex Tillerson9s resignation should be a foregone conclusion at this point. Donald Trump is humiliating him on a global scale.
2017-10-10T03:00:39Z,Report: Trump loyalist says Trump...,,http://www.msnbc.com/brian-williams/watch/gop-sen-corker-to-nyt-trump-could-lead-us-toward-world-war-iii-1067310659753,http://media1.s-nbcnews.com/j/MSNBC/Components/Video/201710/2017-10-10T03-00-02-133Z--1280x720.video_1067x600.jpg,Pres. Trump9s public feud with outgoing Sen. Bob Corker (R-TN) heats up as new reports state the President is increasingly isolated and tensions are about to boil over among Trump and his staff.
2017-10-06T22:14:14Z,"Friedensnobelpreis, Trump | Donald Trump - Friedensnobelpreis",karlderkarpfen,https://www.freitag.de/autoren/karlderkarpfen/donald-trump-friedensnobelpreis-1,https://www.freitag.de/++theme++freitag.theme/build/assets/img/community_social_media_share.jpg,"Wir reiben uns verwundert die Augen: Donald Trump wurde für den Friedensnobelpreis vorgeschlagen....keine ENTE !!!! Als ich heute morgen die Medien checkte, stellte ich mit Überraschung fest, und hielt es zunächst für einen Gag, daß Donald Trump.....ja DER Do…"
2017-10-28T04:16:22Z,Candidate Trump vs. President Trump,,http://www.msnbc.com/brian-williams/watch/candidate-trump-vs-president-trump-1083390531960,https://media1.s-nbcnews.com/j/MSNBC/Components/Video/201710/n_bwms_e_trump_172717_1920x1080.video_1067x600.jpg,"The New Republic’s Elizabeth Drew discusses her new piece “Who Knew Trump Would Be a Weak President."""
2018-01-31T06:54:47Z,Donald Trump: Trump wirkt,ZEIT ONLINE: Ausland - Heike Buchter,http://www.zeit.de/politik/ausland/2018-01/donald-trump-usa-wirtschaft-lage-der-nation,http://img.zeit.de/politik/ausland/2018-01/donald-trump-8/wide__1300x731,"Die Beliebtheitswerte des US-Präsidenten mögen noch so schlecht sein, die Unternehmen lieben ihn: Denn er hat die Wirtschaft dereguliert und Steuergeschenke verteilt."
2018-02-03T15:19:00Z,Trump claims GOP memo totally vindicates 'Trump',Jenna Johnson,http://www.chicagotribune.com/news/nationworld/politics/ct-trump-memo-20180203-story.html,http://www.trbimg.com/img-5a75d429/turbine/ct-trump-memo-20180203,"President Trump said Saturday morning that a disputed four-page House Intelligence Committee memo, composed by Republicans and declassified by him on Friday, ""totally vindicates 'Trump'” in an FBI investigation into Russian interference in the 2016 election, …"
2018-02-21T01:00:19Z,"Fmr. Trump aide: Donald Trump ""screws everyone""",,https://www.msnbc.com/the-beat-with-ari-melber/watch/fmr-trump-aide-donald-trump-screws-everyone-1166089283533,https://media1.s-nbcnews.com/j/MSNBC/Components/Video/201802/n_ari_samn_180220_1920x1080.1200;630;7;70;5.jpg,"On the day Bob Mueller obtained a guilty plea from a lawyer in the Russia probe, former Trump campaign aide Sam Nunberg, who was cited 19 times in ‘Fire and Fury’, tells Ari Melber he’s “worried” about Trump’s own lawyer Michael Cohen. Nunberg says for the fi…"
2018-02-27T19:39:00Z,Trump kiest campagneleider voor Trump 2020,km,http://www.standaard.be/cnt/dmf20180227_03380718,https://dsocdn.akamaized.net/Assets/Images_Upload/2018/02/27/ea5cb3be-1bf5-11e8-9bb5-be506db47fb3_web_scale_0.0529982_0.0529982__.jpg,De Amerikaanse president Donald Trump heeft digitale-informatiestrateeg Brad Parscale benoemd tot campagneleider voor de herverkiezing van Trump in 2020.
2018-02-18T21:21:58Z,"Trump Is Trump: Yesterday, Today, and Tomorrow","Michael Nelson, Michael Nelson",http://historynewsnetwork.org/article/168141,//historynewsnetwork.org/sites/default/files/168141-ahjasvcdscv.jpg,His real estate background isn’t helping him govern.
2018-02-20T18:01:35Z,Trump denies kissing receptionist at Trump Tower,"http://www.dailymail.co.uk/home/search.html?s=&authornamef=Afp, By Afp",http://www.dailymail.co.uk/wires/afp/article-5414303/Trump-denies-kissing-receptionist-Trump-Tower.html,http://i.dailymail.co.uk/1/2018/02/20/18/wire-2342028-1519149693-964_636x382.jpg,"President Donald Trump on Tuesday denied allegations by a former receptionist that he had kissed her without her consent in an elevator lobby of Trump Tower,..."
2018-02-03T17:52:00Z,Trump: FBI-notat renser fuldstændig 'Trump',,https://www.dr.dk/nyheder/udland/trump-fbi-notat-renser-fuldstaendig-trump,http://www.dr.dk/design/www/global/img/global/DRLogos/DR_logo_new2.jpg,"Men den russiske heksejagt fortsætter, siger USA's præsident."
2018-02-27T22:16:52Z,Trump Being Trump Makes Him Less Popular,Ed Kilgore,http://nymag.com/daily/intelligencer/2018/02/trump-being-trump-seems-to-make-him-less-popular.html,https://pixel.nymag.com/imgs/daily/intelligencer/2018/02/27/27-trump-trumpy.w1200.h630.jpg,"The GOP has an unusually acute problem in mobilizing a party base that glories in Trumpian outrages, without frightening the rest of the country."
2018-05-23T21:10:47Z,‘Orbán was Trump vóór Trump’,,https://www.volkskrant.nl/nieuws-achtergrond/-orban-was-trump-voor-trump-~bc2c385d/,https://images4.persgroep.net/rcs/kGSjjfR4E8IuNUpWyz_pmklNiuo/diocontent/124050619/_fitwidth/763?appId=93a17a8fd81db0de025c8abd1cca1279&quality=0.8,"De mondiale fine fleur van het rechts-nationalisme verzamelde zich woensdag in Boedapest. Met als hoofdact Steve Bannon, de voormalige raspoetin van Donald Trump. Het tekent de veranderende sfeer in Hongarije."
2018-02-09T14:05:08Z,Skeptics on Trump infrastructure plan include Trump,Heidi Przybyla,https://www.nbcnews.com/politics/donald-trump/skeptics-trump-infrastructure-plan-include-trump-n846086,https://media2.s-nbcnews.com/j/newscms/2018_06/2321861/180208-new-orleans-infrastructure-se-436p_8f62070e5d582efc6f008f9c88bf359f.nbcnews-fp-1200-630.jpg,The White House is preparing to release an infrastructure plan but it's still unclear whether Trump supports its core concept of public-private partnerships.
2018-02-26T15:38:14Z,Stop sucking up to ‘gun culture.’ Americans who don’t have guns also matter.,(Greg Sargent),https://www.washingtonpost.com/blogs/plum-line/wp/2018/02/26/stop-sucking-up-to-gun-culture-americans-who-dont-have-guns-also-matter/,https://www.washingtonpost.com/resizer/aWm_bVr39VLRM9nxf91q1fbcEE4=/1484x0/arc-anglerfish-washpost-prod-washpost.s3.amazonaws.com/public/ASJXRYMGLE43BPYO5SXBIEXLU4.JPG,"gun culture, gun control, gun reform, cnn poll, cnn polling, republican party, gop, trump, donald trump, congress, republicans in congress, impeach trump, impeach donald trump"
2018-03-15T03:16:40Z,Trump loses in Trump country,,https://www.msnbc.com/the-last-word/watch/trump-loses-in-trump-country-1186345539652,https://media1.s-nbcnews.com/j/MSNBC/Components/Video/201803/n_lw_atrumploss_180314_1920x1080.1200;630;7;70;5.jpg,"Democrats turned out to lead Conor Lamb to an apparent victory in Pennsylvania's special election, but he couldn't have done it without some GOP votes in spite of the president's personal pleas. Lawrence O'Donnell explains why Republicans should be worried."
2018-03-23T20:30:52Z,"Trump Giveth, Trump Taketh Away",Brian Maher,https://dailyreckoning.com/trump-giveth-trump-taketh-away/,https://dailyreckoning.com/wp-content/uploads/2017/06/shutterstock_636139745.jpg,"This post Trump Giveth, Trump Taketh Away appeared first on Daily Reckoning. The stock market loved Trump’s tax cuts, deregulation and infrastructure plans. But it hates his trade war... Retaliatory Chinese tariffs could cost U.S. exporters up to $700 million…"
2018-05-14T15:09:53Z,Israeli soccer team plans to take Trump’s name after president’s ‘courageous move’,Shawn Langlois,https://www.marketwatch.com/story/israeli-soccer-team-plans-to-take-trumps-name-after-presidents-courageous-move-2018-05-14,http://s.marketwatch.com/public/resources/MWimages/MW-GJ149_trump_MG_20180514103938.jpg,Trump Water. Trump Steaks. Trump Wine. Trump University. And now... Beitar Trump Jerusalem.
2018-02-12T18:39:10Z,Son Dakika… Trump’ın gelini hastaneye kaldırıldı,Sözcü,http://www.sozcu.com.tr/2018/gundem/son-dakika-trumpin-gelini-hastaneye-kaldirildi-2216818/,http://i.sozcu.com.tr/wp-content/uploads/2018/02/sur-sondakika-48.jpg?v=2216818,"ABD Başkanı Donald Trump´ın oğlu Donald Trump Jr´ın eşi Vanessa Trump, Trump Jr adına gönderilen bir mektubun içindeki beyaz tozun etkisiyle hastaneye kaldırıldı. DHA"
2018-02-12T18:39:10Z,Son Dakika… Trump’ın gelini hastaneye kaldırıldı,Sözcü,http://www.sozcu.com.tr/2018/dunya/son-dakika-trumpin-gelini-hastaneye-kaldirildi-2216818/,http://i.sozcu.com.tr/wp-content/uploads/2018/02/sur-sondakika-48.jpg?v=2216818,"ABD Başkanı Donald Trump´ın oğlu Donald Trump Jr´ın eşi Vanessa Trump, Trump Jr adına gönderilen bir mektubun içindeki beyaz tozun etkisiyle hastaneye kaldırıldı. DHA"
2018-03-25T12:01:13Z,Trump Is Just Being Trump,Bill Ehrman,https://seekingalpha.com/article/4158685-trump-just-trump,https://static.seekingalpha.com/assets/og_image_410-b8960ce31ec84f7f12dba11a09fc1849b69b234e0f5f39d7c62f46f8692e58a5.png,"Trump ran a populist campaign pledging to “Make America Great Again” with his pro-growth, pro-business America First agenda including tax reform, regulatory re"
2018-03-14T20:18:55Z,Trump loses in Trump country,,https://www.yahoo.com/news/trump-loses-trump-country-201855268.html,https://s.yimg.com/uu/api/res/1.2/xF1m3KkHW0OVLl3TILENaA--~B/aD0yODg7dz01MTI7c209MTthcHBpZD15dGFjaHlvbg--/http://media.zenfs.com/es-US/homerun/yahoo_view_839/5b2aafcaefe6a4411f2969a60de5a1e9,"Democrats turned out to lead Conor Lamb to an apparent victory in Pennsylvania's special election, but he couldn't have done it without some GOP votes in spite of the president's personal pleas."
2018-03-14T06:54:00Z,"Legyőzték Trump jelöltjét ""Trump-országban""",hvg@hvg.hu,http://hvg.hu/vilag/20180314_Legyoztek_Trump_jeloltjet_Trumporszagban,http://images.hvg.hu/image.aspx?id=8d5f121e-dacb-4ded-bee1-898c7a052461&view=7fcefbf8-ac48-4ee6-aef5-32203afa118c,"Pittsburgh környékén tartottak pótválasztást, itt 2016-ban Trump 20 százalékkal verte Clintont, de most elbukott a republikánus jelölt."
2018-05-14T09:51:00Z,"Jerusalém. “Trump, Trump, Trump”, gritou-se na nova embaixada",Félix Ribeiro,http://ionline.sapo.pt/612013,https://cdn1.newsplex.pt/media/2018/5/14/fb/639318.jpg,"Israel, Trump, Ivanka, Jerusalém,Netanyahu era ontem a figura do êxtase nacionalista. Ivanka e Kushner lideraram comitiva"
2017-10-13T17:29:21Z,TRUMP TRUMP TRUMP!! BYE BYE IRAN NUCLEAR DEAL!!,fugdat,https://www.liveleak.com/view?i=a66_1507915695,https://cdn.liveleak.com/80281E/s/s/20/media20/2017/Oct/13/a6d66f6176a2_embed_thumbnail_1507915702.jpg?Dq6Qz_A8AmHK1rum_8WHC0ofLmNkV8FS2lAT3Cb-LPLm4hyT8CDlqGr9CZhR43aB&ec_rate=499,"BITE ME LIBTURDS!! BBBBBWWWHHHAHAHAHAHA! MAGA!
:D"
2017-09-27T22:07:33Z,Trump,Cartas al Director,https://elpais.com/elpais/2017/09/27/opinion/1506525685_159250.html,https://ep01.epimg.net/iconos/v1.x/v1.0/promos/promo_og_opinion.png,Trump.
2017-10-05T21:55:03Z,trump,,http://www.nacion.com/archivo/trump_19_1662623734.html?utm_source=rss&utm_medium=rss&utm_content=2017-10-05&utm_campaign=rss-latest,http://www.nacion.com/static/LNCNacion/images/logos/ln.png,trump
2017-10-18T23:51:11Z,Trump,,http://www.startribune.com/trump/451523633/,http://stmedia.stimg.co/ows_150837066516093.jpg?h=630&w=1200&fit=crop&bg=999&crop=faces,He doesn’t have it; White House says check’s in mail.
2017-10-09T07:32:23Z,Trump,Liam Ross,https://dribbble.com/shots/3860675-Trump,https://cdn.dribbble.com/users/1199449/screenshots/3860675/tr.jpg,A fun illustration I did for an Instagram competition a while back.
2017-10-18T23:51:12Z,Trump,,http://www.startribune.com/trump/451523633/,http://stmedia.stimg.co/ows_150837066516093.jpg?h=630&w=1200&fit=crop&bg=999&crop=faces,He doesn’t have it; White House says check’s in mail.
2017-10-31T12:00:00Z,Trump,RTÉ:Ireland,http://www.rte.ie/cspodcasts/media.mp3?c1=2&c2=16951747&ns_site=test&ns_type=clickin&rte_vs_ct=aud&rte_vs_sc=pod&rte_mt_sec=radio&rte_vs_sn=radio1&rte_mt_pub_dt=2017-10-31&rte_mt_prg_name=test-drivetime&title=Trump&c7=http%3A%2F%2Fpodcast.rasset.ie%2Fpodcasts%2Faudio%2F2017%2F1031%2F20171031_rteradio1-drivetime-trump_c21262668_21262675_232_.mp3&r=http%3A%2F%2Fpodcast.rasset.ie%2Fpodcasts%2Faudio%2F2017%2F1031%2F20171031_rteradio1-drivetime-trump_c21262668_21262675_232_.mp3,,"The work of Special Counsel, Robert Mueller is causing problems for President Donald Trump. David Nakamura who covers the White House for The Washington Post spoke to Drivetime."
2018-05-05T02:36:18Z,Trump?!,#B4DBUG5,https://www.flickr.com/photos/147757074@N05/28027963718,https://c1.staticflickr.com/1/824/28027963718_7f76fb9480.jpg,"May 05, 2018 at 12:01PM  ift.tt/2jur7Du"
2018-05-26T10:14:24Z,Trump,Jahng hyoung joon,https://dribbble.com/shots/4634962-Trump,https://cdn.dribbble.com/users/1006400/screenshots/4634962/image.png,Trump - www.instagram.com/aozora121
2018-05-30T07:51:23Z,trump.....,,https://carmexcherry.deviantart.com/art/trump-747335353,https://orig00.deviantart.net/d033/f/2018/150/d/e/trump_by_carmexcherry-dccxznd.jpg,
2018-04-22T16:00:12Z,'I Was Trump Before Trump Was Trump' - New York Times,http://www.nytimes.com/by/jeremy-w-peters,https://www.nytimes.com/2018/04/22/us/politics/trump-republican-party.html,https://static01.nyt.com/images/icons/t_logo_291_black.png,"The Hill 'I Was Trump Before Trump Was Trump' New York Times Don Blankenship likes to believe he knows something about rough justice and who deserves it. “We don't need to investigate our president. We need to arrest Hillary,” one of his campaign ads proclaim…"
2018-04-25T14:00:59Z,Melania Trump Warned Vanessa Trump of the Trump Men,Sophie Dweck,https://www.usmagazine.com/celebrity-news/news/melania-trump-warned-vanessa-trump-of-the-trump-men/#article,https://i0.wp.com/www.usmagazine.com/wp-content/uploads/2018/04/melania-trump-warned-vanessa-trump.jpg?crop=0px%2C0px%2C1200px%2C630px&resize=1200%2C630&ssl=1,"“My rock and foundation.” Those were the first public words Donald Trump used to describe his wife, first lady Melania Trump, after several women, including porn star Stormy Daniels, spoke out about their alleged affairs with the president. In an email sent t…"
2018-04-06T09:48:00Z,The Note: When Trump lets Trump be Trump - ABC News,,http://abcnews.go.com/Politics/note-trump-lets-trump-trump/story?id%3D54267733,,"ABC News The Note: When Trump lets Trump be Trump ABC News Staff letting Trump be Trump is one thing. But what happens when Trump really lets Trump be Trump? That's the stuff of tirades about rapes of migrant women and asylum-seeker caravans, of military depl…"
2018-04-13T12:16:11Z,"Op-Ed Columnist: Trump, Trump, Trump: A Losing Strategy",DAVID LEONHARDT,https://www.nytimes.com/2018/04/13/opinion/trump-losing-strategy.html,https://static01.nyt.com/images/2018/04/13/opinion/13leonhardt-newsletter/13leonhardt-newsletter-facebookJumbo.jpg,Hearing about the president leads some progressives to think that politics are pointless.
2018-04-09T13:25:03Z,Trump,,https://john-patrick.deviantart.com/art/Trump-739602040,https://img00.deviantart.net/ae0c/i/2018/099/4/7/trump_by_john_patrick-dc8c8l4.jpg,
2018-04-21T21:08:48Z,Trump,,https://helpme123alt.deviantart.com/art/Trump-741486242,https://orig00.deviantart.net/1703/f/2018/111/4/3/trump_by_helpme123alt-dc9gmg2.png,Help Me
2018-05-08T17:02:12Z,Trump,ikram,https://www.liveleak.com/view?t=sJyZO_1525798932,https://cdn.liveleak.com/80281E/ll_a_u/2018/May/8/LiveLeak-dot-com-5af1d7dba573a_3_thumb.jpg,Trump
2018-05-13T15:44:28Z,Trump,Associated Press,http://www.businessinsider.com/ap-trump-tells-commerce-department-to-help-chinese-company-2018-5,,"REUTERS/Carlo Allegri/Illustration/File Photo Trump has instructed his Commerce Department to help get a Chinese telecommunications company ""back into business"" after the U.S. government cut off access to its American suppliers. The US accused ZTE of misleadi…"
2018-05-27T04:13:12Z,Trump,Jahng hyoung joon,https://dribbble.com/shots/4636502-Trump,https://cdn.dribbble.com/users/1006400/screenshots/4636502/image.png,Trump - www.instagram.com/aozora121
2018-03-07T06:21:22Z,Trump,,https://dueyexyrmiind.deviantart.com/art/Trump-734293460,https://pre00.deviantart.net/85da/th/pre/i/2018/065/3/e/trump__by_dueyexyrmiind-dc56ggk.jpg,After a dozen donuts
2018-03-02T03:15:49Z,Trump,Thomas Park,https://dribbble.com/shots/4290847-Trump,https://cdn.dribbble.com/users/917729/screenshots/4290847/trump_small.jpg,Silly little illustration of a silly little man with silly little hands.
2018-04-02T13:34:12Z,Trump:,http://facebook.com/cbsmiami,http://miami.cbslocal.com/2018/04/02/trump-no-more-daca-deal/,https://cbsmiami.files.wordpress.com/2018/04/trump.jpg?w=625,President Donald Trump is not backing away from comments he made on Easter concerning immigration.
2018-04-25T15:08:31Z,Trump?!,#B4DBUG5,https://www.flickr.com/browser/upgrade/?continue=%2Fphotos%2F147757074%40N05%2F39889579110%2F,,
2018-03-02T20:32:38Z,Trump,Andrei Robu,https://dribbble.com/shots/4294382-Trump,https://cdn.dribbble.com/users/6212/screenshots/4294382/trump_robu_dr.jpg,Question is: who started this fire? Because it is darker than ever.
